{
  "accuracy": 0.9998437762260437,
  "loss": 0.004232673905789852,
  "val_accuracy": 1.0,
  "val_loss": 5.708635944756679e-05,
  "learning_rate": 0.0005000000237487257,
  "epoch": 22,
  "global_step": 4600
}